Datetime,Water Level (m)
2025-04-07 12:00:00,0.45198864
2025-04-07 13:00:00,1.0096056
2025-04-07 14:00:00,1.240363
2025-04-07 15:00:00,1.151602
2025-04-07 16:00:00,0.7337421
2025-04-07 17:00:00,0.2577354
2025-04-07 18:00:00,-0.17366014
2025-04-07 19:00:00,-0.54253775
2025-04-07 20:00:00,-0.8489946
2025-04-07 21:00:00,-1.0973942
2025-04-07 22:00:00,-1.240632
2025-04-07 23:00:00,-1.0637236
2025-04-08 00:00:00,-0.17006564
2025-04-08 01:00:00,0.51626307
2025-04-08 02:00:00,0.8484012
2025-04-08 03:00:00,0.9721907
2025-04-08 04:00:00,0.7974698
2025-04-08 05:00:00,0.37696028
2025-04-08 06:00:00,-0.068719104
2025-04-08 07:00:00,-0.43919596
2025-04-08 08:00:00,-0.7379026
2025-04-08 09:00:00,-0.9922781
2025-04-08 10:00:00,-1.1630915
2025-04-08 11:00:00,-1.0810341
2025-04-08 12:00:00,-0.22986615
2025-04-08 13:00:00,0.55493426
2025-04-08 14:00:00,1.0777627
2025-04-08 15:00:00,1.3933128
2025-04-08 16:00:00,1.3645506
2025-04-08 17:00:00,0.96402586
2025-04-08 18:00:00,0.36238414
2025-04-08 19:00:00,-0.16809578
2025-04-08 20:00:00,-0.5755402
2025-04-08 21:00:00,-0.9021945
2025-04-08 22:00:00,-1.1647837
2025-04-08 23:00:00,-1.3358219
2025-04-09 00:00:00,-1.156727
2025-04-09 01:00:00,0.05520669
2025-04-09 02:00:00,0.8521868
2025-04-09 03:00:00,1.2512059
2025-04-09 04:00:00,1.340191
2025-04-09 05:00:00,1.0132827
2025-04-09 06:00:00,0.4687497
2025-04-09 07:00:00,-0.04630818
2025-04-09 08:00:00,-0.48369548
2025-04-09 09:00:00,-0.818768
2025-04-09 10:00:00,-1.1017289
2025-04-09 11:00:00,-1.2948666
2025-04-09 12:00:00,-1.2041032
2025-04-09 13:00:00,0.044069037
2025-04-09 14:00:00,0.980251
2025-04-09 15:00:00,1.50429
2025-04-09 16:00:00,1.6933517
2025-04-09 17:00:00,1.4413205
2025-04-09 18:00:00,0.8670523
2025-04-09 19:00:00,0.23427084
2025-04-09 20:00:00,-0.2981483
2025-04-09 21:00:00,-0.6808912
2025-04-09 22:00:00,-0.9928009
2025-04-09 23:00:00,-1.242867
2025-04-10 00:00:00,-1.3603516
2025-04-10 01:00:00,-0.64640886
2025-04-10 02:00:00,0.5530377
2025-04-10 03:00:00,1.259222
2025-04-10 04:00:00,1.6248972
2025-04-10 05:00:00,1.5527258
2025-04-10 06:00:00,1.020276
2025-04-10 07:00:00,0.40294415
2025-04-10 08:00:00,-0.16227223
2025-04-10 09:00:00,-0.59609574
2025-04-10 10:00:00,-0.9378096
2025-04-10 11:00:00,-1.2178016
2025-04-10 12:00:00,-1.3864195
2025-04-10 13:00:00,-1.0572265
2025-04-10 14:00:00,0.44246706
2025-04-10 15:00:00,1.3335155
2025-04-10 16:00:00,1.8034291
2025-04-10 17:00:00,1.8128241
2025-04-10 18:00:00,1.3161578
2025-04-10 19:00:00,0.62397486
2025-04-10 20:00:00,-0.014932334
2025-04-10 21:00:00,-0.51548076
2025-04-10 22:00:00,-0.8694859
2025-04-10 23:00:00,-1.1682065
2025-04-11 00:00:00,-1.3798676
2025-04-11 01:00:00,-1.406789
2025-04-11 02:00:00,-0.0562087
2025-04-11 03:00:00,1.0733161
2025-04-11 04:00:00,1.6925327
2025-04-11 05:00:00,1.8959452
2025-04-11 06:00:00,1.5544801
2025-04-11 07:00:00,0.85205495
2025-04-11 08:00:00,0.20124882
2025-04-11 09:00:00,-0.3520292
2025-04-11 10:00:00,-0.7432628
2025-04-11 11:00:00,-1.0753474
2025-04-11 12:00:00,-1.3298976
2025-04-11 13:00:00,-1.4435527
2025-04-11 14:00:00,-0.2753469
2025-04-11 15:00:00,1.0224028
2025-04-11 16:00:00,1.6847354
2025-04-11 17:00:00,1.94165
2025-04-11 18:00:00,1.6206038
2025-04-11 19:00:00,0.888722
2025-04-11 20:00:00,0.22486192
2025-04-11 21:00:00,-0.35047802
2025-04-11 22:00:00,-0.7663937
2025-04-11 23:00:00,-1.1087532
2025-04-12 00:00:00,-1.3771856
2025-04-12 01:00:00,-1.5265384
2025-04-12 02:00:00,-0.8381435
2025-04-12 03:00:00,0.65131956
2025-04-12 04:00:00,1.5093249
2025-04-12 05:00:00,1.9341085
2025-04-12 06:00:00,1.8211637
2025-04-12 07:00:00,1.1995811
2025-04-12 08:00:00,0.4865644
2025-04-12 09:00:00,-0.12089338
2025-04-12 10:00:00,-0.58019084
2025-04-12 11:00:00,-0.93313825
2025-04-12 12:00:00,-1.2223324
2025-04-12 13:00:00,-1.4274915
2025-04-12 14:00:00,-1.2607236
2025-04-12 15:00:00,0.38457325
2025-04-12 16:00:00,1.4153432
2025-04-12 17:00:00,1.9345686
2025-04-12 18:00:00,1.9248358
2025-04-12 19:00:00,1.31771
2025-04-12 20:00:00,0.518918
2025-04-12 21:00:00,-0.1278035
2025-04-12 22:00:00,-0.5964734
2025-04-12 23:00:00,-0.9455089
2025-04-13 00:00:00,-1.2414868
2025-04-13 01:00:00,-1.4590472
2025-04-13 02:00:00,-1.4582275
2025-04-13 03:00:00,0.015117742
2025-04-13 04:00:00,1.2089989
2025-04-13 05:00:00,1.8635978
2025-04-13 06:00:00,2.0357704
2025-04-13 07:00:00,1.657268
2025-04-13 08:00:00,0.90292895
2025-04-13 09:00:00,0.20315416
2025-04-13 10:00:00,-0.36663103
2025-04-13 11:00:00,-0.76162344
2025-04-13 12:00:00,-1.0974108
